mean_fit_time,std_fit_time,mean_score_time,std_score_time,param_model__subsample,param_model__n_estimators,param_model__min_samples_split,param_model__min_samples_leaf,param_model__max_depth,param_model__learning_rate,params,split0_test_score,split1_test_score,split2_test_score,split3_test_score,split4_test_score,mean_test_score,std_test_score,rank_test_score
4.216929721832275,1.834464808902096,0.013315916061401367,0.0029472548441617343,1.0,150,5,4,3,0.1,"{'model__subsample': 1.0, 'model__n_estimators': 150, 'model__min_samples_split': 5, 'model__min_samples_leaf': 4, 'model__max_depth': 3, 'model__learning_rate': 0.1}",0.6109324758842444,0.5993589743589743,0.6096774193548387,0.660347551342812,0.631404958677686,0.6223442759237111,0.021658012088126948,11
1.8052417755126953,0.5289085038829248,0.021707677841186525,0.013999151197138121,0.8,200,2,1,1,0.05,"{'model__subsample': 0.8, 'model__n_estimators': 200, 'model__min_samples_split': 2, 'model__min_samples_leaf': 1, 'model__max_depth': 1, 'model__learning_rate': 0.05}",0.6356382978723404,0.6162162162162163,0.6270718232044199,0.6420079260237781,0.6552217453505007,0.635231201733451,0.01322011108636562,5
3.260502290725708,0.774340333686976,0.017127227783203126,0.0074820445231299154,1.0,100,10,1,3,0.1,"{'model__subsample': 1.0, 'model__n_estimators': 100, 'model__min_samples_split': 10, 'model__min_samples_leaf': 1, 'model__max_depth': 3, 'model__learning_rate': 0.1}",0.6123076923076923,0.6139534883720931,0.6177847113884556,0.6697388632872504,0.6337579617834395,0.6295085434277862,0.021502620524409932,9
6.4673303127288815,1.3729700029133307,0.014953947067260743,0.006494716815368074,1.0,200,10,4,3,0.05,"{'model__subsample': 1.0, 'model__n_estimators': 200, 'model__min_samples_split': 10, 'model__min_samples_leaf': 4, 'model__max_depth': 3, 'model__learning_rate': 0.05}",0.6182380216383307,0.609642301710731,0.6177847113884556,0.6656394453004623,0.6464968152866242,0.6315602590649207,0.021128824977541517,7
1.5370503902435302,0.48935301958404753,0.015483713150024414,0.003516737852002556,0.8,100,2,1,2,0.03,"{'model__subsample': 0.8, 'model__n_estimators': 100, 'model__min_samples_split': 2, 'model__min_samples_leaf': 1, 'model__max_depth': 2, 'model__learning_rate': 0.03}",0.6397774687065368,0.6090425531914894,0.6158038147138964,0.6408544726301736,0.6512301013024602,0.6313416821089113,0.016098952578980336,8
1.016030216217041,0.28242660512516277,0.013972139358520508,0.0078061730237595425,0.8,100,10,1,1,0.1,"{'model__subsample': 0.8, 'model__n_estimators': 100, 'model__min_samples_split': 10, 'model__min_samples_leaf': 1, 'model__max_depth': 1, 'model__learning_rate': 0.1}",0.6338215712383488,0.6164199192462988,0.6255144032921811,0.6463576158940397,0.6571428571428571,0.635851273362745,0.014506983625955159,2
4.8344330310821535,0.9863197232259413,0.016814279556274413,0.006266431552383684,1.0,200,5,2,3,0.03,"{'model__subsample': 1.0, 'model__n_estimators': 200, 'model__min_samples_split': 5, 'model__min_samples_leaf': 2, 'model__max_depth': 3, 'model__learning_rate': 0.03}",0.6301775147928994,0.6156156156156156,0.6242603550295858,0.6676427525622255,0.647239263803681,0.6369871003608015,0.018493008028442,1
2.9289942741394044,0.8711903397384811,0.015423822402954101,0.0010263552077613494,1.0,150,5,4,2,0.03,"{'model__subsample': 1.0, 'model__n_estimators': 150, 'model__min_samples_split': 5, 'model__min_samples_leaf': 4, 'model__max_depth': 2, 'model__learning_rate': 0.03}",0.6376404494382022,0.6138888888888889,0.6215469613259669,0.6457765667574932,0.6523605150214592,0.6342426762864021,0.014479567755976277,6
2.998039197921753,0.812928222845755,0.013310813903808593,0.0016663014051169743,1.0,250,5,1,1,0.05,"{'model__subsample': 1.0, 'model__n_estimators': 250, 'model__min_samples_split': 5, 'model__min_samples_leaf': 1, 'model__max_depth': 1, 'model__learning_rate': 0.05}",0.6336898395721925,0.6105834464043419,0.6272352132049519,0.6498002663115846,0.6561604584527221,0.6354938447891586,0.016271262982651948,4
1.618300437927246,0.16485882626796985,0.013324213027954102,0.0038343540721719476,1.0,200,5,4,1,0.05,"{'model__subsample': 1.0, 'model__n_estimators': 200, 'model__min_samples_split': 5, 'model__min_samples_leaf': 4, 'model__max_depth': 1, 'model__learning_rate': 0.05}",0.632,0.6129032258064516,0.628099173553719,0.6472148541114059,0.6581196581196581,0.6356673823182469,0.015661309601317612,3
3.5858033657073975,0.11712419747090044,0.010212182998657227,0.002681174125235118,1.0,200,2,2,3,0.1,"{'model__subsample': 1.0, 'model__n_estimators': 200, 'model__min_samples_split': 2, 'model__min_samples_leaf': 2, 'model__max_depth': 3, 'model__learning_rate': 0.1}",0.6045751633986928,0.5951219512195122,0.5963756177924218,0.6462035541195477,0.6317567567567568,0.6148066086573862,0.020518018129132405,12
1.022315549850464,0.05282703623729954,0.012054681777954102,0.0010708594513273444,1.0,100,10,4,1,0.05,"{'model__subsample': 1.0, 'model__n_estimators': 100, 'model__min_samples_split': 10, 'model__min_samples_leaf': 4, 'model__max_depth': 1, 'model__learning_rate': 0.05}",0.6293333333333333,0.594885598923284,0.6168478260869565,0.6364812419146184,0.6458923512747875,0.6246880703065959,0.017663157285822767,10
